1,CID:137
2,CID:237
3,CID:338
4,CID:444
5,CID:564
6,CID:681
7,CID:702
8,CID:772
9,CID:1046
10,CID:1125
11,CID:1676
12,CID:1775
13,CID:1935
14,CID:1978
15,CID:1983
16,CID:1986
17,CID:1989
18,CID:1990
19,CID:2022
20,CID:2082
21,CID:2083
22,CID:2088
23,CID:2092
24,CID:2094
25,CID:2119
26,CID:2131
27,CID:2140
28,CID:2141
29,CID:2145
30,CID:2153
31,CID:2157
32,CID:2159
33,CID:2160
34,CID:2161
35,CID:2162
36,CID:2165
37,CID:2170
38,CID:2179
39,CID:2187
40,CID:2197
41,CID:2206
42,CID:2216
43,CID:2218
44,CID:2244
45,CID:2249
46,CID:2265
47,CID:2266
48,CID:2267
49,CID:2284
50,CID:2315
51,CID:2337
52,CID:2342
53,CID:2343
54,CID:2350
55,CID:2351
56,CID:2369
57,CID:2370
58,CID:2372
59,CID:2375
60,CID:2378
61,CID:2381
62,CID:2405
63,CID:2431
64,CID:2435
65,CID:2444
66,CID:2471
67,CID:2474
68,CID:2477
69,CID:2478
70,CID:2484
71,CID:2519
72,CID:2520
73,CID:2541
74,CID:2554
75,CID:2564
76,CID:2578
77,CID:2581
78,CID:2583
79,CID:2585
80,CID:2662
81,CID:2678
82,CID:2719
83,CID:2720
84,CID:2725
85,CID:2726
86,CID:2727
87,CID:2732
88,CID:2733
89,CID:2749
90,CID:2754
91,CID:2756
92,CID:2762
93,CID:2764
94,CID:2771
95,CID:2783
96,CID:2795
97,CID:2796
98,CID:2801
99,CID:2803
100,CID:2812
101,CID:2818
102,CID:2893
103,CID:2895
104,CID:2905
105,CID:2910
106,CID:2911
107,CID:2913
108,CID:2955
109,CID:2966
110,CID:2968
111,CID:2973
112,CID:2995
113,CID:3019
114,CID:3025
115,CID:3033
116,CID:3038
117,CID:3042
118,CID:3052
119,CID:3055
120,CID:3059
121,CID:3100
122,CID:3103
123,CID:3105
124,CID:3108
125,CID:3114
126,CID:3117
127,CID:3121
128,CID:3151
129,CID:3152
130,CID:3157
131,CID:3162
132,CID:3168
133,CID:3180
134,CID:3182
135,CID:3198
136,CID:3202
137,CID:3219
138,CID:3226
139,CID:3229
140,CID:3241
141,CID:3278
142,CID:3290
143,CID:3291
144,CID:3292
145,CID:3295
146,CID:3305
147,CID:3308
148,CID:3331
149,CID:3333
150,CID:3339
151,CID:3341
152,CID:3342
153,CID:3343
154,CID:3345
155,CID:3348
156,CID:3354
157,CID:3356
158,CID:3365
159,CID:3366
160,CID:3372
161,CID:3373
162,CID:3385
163,CID:3386
164,CID:3394
165,CID:3396
166,CID:3397
167,CID:3406
168,CID:3410
169,CID:3440
170,CID:3446
171,CID:3463
172,CID:3467
173,CID:3475
174,CID:3476
175,CID:3478
176,CID:3488
177,CID:3494
178,CID:3510
179,CID:3518
180,CID:3519
181,CID:3520
182,CID:3559
183,CID:3562
184,CID:3598
185,CID:3637
186,CID:3647
187,CID:3652
188,CID:3657
189,CID:3658
190,CID:3672
191,CID:3675
192,CID:3676
193,CID:3677
194,CID:3678
195,CID:3696
196,CID:3698
197,CID:3702
198,CID:3715
199,CID:3739
200,CID:3749
201,CID:3759
202,CID:3762
203,CID:3763
204,CID:3767
205,CID:3775
206,CID:3779
207,CID:3784
208,CID:3821
209,CID:3825
210,CID:3826
211,CID:3827
212,CID:3869
213,CID:3878
214,CID:3883
215,CID:3899
216,CID:3902
217,CID:3948
218,CID:3955
219,CID:3957
220,CID:3958
221,CID:3961
222,CID:3964
223,CID:4004
224,CID:4011
225,CID:4020
226,CID:4030
227,CID:4032
228,CID:4034
229,CID:4037
230,CID:4044
231,CID:4046
232,CID:4054
233,CID:4057
234,CID:4058
235,CID:4060
236,CID:4062
237,CID:4066
238,CID:4075
239,CID:4078
240,CID:4086
241,CID:4091
242,CID:4095
243,CID:4097
244,CID:4099
245,CID:4100
246,CID:4107
247,CID:4116
248,CID:4121
249,CID:4167
250,CID:4168
251,CID:4170
252,CID:4171
253,CID:4174
254,CID:4178
255,CID:4184
256,CID:4189
257,CID:4195
258,CID:4197
259,CID:4199
260,CID:4201
261,CID:4205
262,CID:4211
263,CID:4212
264,CID:4235
265,CID:4236
266,CID:4409
267,CID:4421
268,CID:4436
269,CID:4440
270,CID:4456
271,CID:4474
272,CID:4485
273,CID:4488
274,CID:4493
275,CID:4497
276,CID:4499
277,CID:4506
278,CID:4507
279,CID:4510
280,CID:4539
281,CID:4543
282,CID:4583
283,CID:4594
284,CID:4595
285,CID:4601
286,CID:4614
287,CID:4616
288,CID:4631
289,CID:4633
290,CID:4634
291,CID:4636
292,CID:4642
293,CID:4649
294,CID:4674
295,CID:4679
296,CID:4680
297,CID:4688
298,CID:4737
299,CID:4740
300,CID:4746
301,CID:4747
302,CID:4748
303,CID:4753
304,CID:4756
305,CID:4760
306,CID:4761
307,CID:4763
308,CID:4768
309,CID:4781
310,CID:4828
311,CID:4829
312,CID:4845
313,CID:4848
314,CID:4870
315,CID:4891
316,CID:4893
317,CID:4906
318,CID:4908
319,CID:4909
320,CID:4911
321,CID:4912
322,CID:4913
323,CID:4914
324,CID:4917
325,CID:4919
326,CID:4926
327,CID:4927
328,CID:4932
329,CID:4934
330,CID:4935
331,CID:4940
332,CID:4943
333,CID:4946
334,CID:4976
335,CID:4991
336,CID:4993
337,CID:5002
338,CID:5029
339,CID:5035
340,CID:5070
341,CID:5073
342,CID:5078
343,CID:5095
344,CID:5152
345,CID:5161
346,CID:5206
347,CID:5212
348,CID:5245
349,CID:5248
350,CID:5253
351,CID:5311
352,CID:5314
353,CID:5320
354,CID:5328
355,CID:5333
356,CID:5342
357,CID:5351
358,CID:5355
359,CID:5358
360,CID:5359
361,CID:5361
362,CID:5379
363,CID:5381
364,CID:5391
365,CID:5401
366,CID:5403
367,CID:5429
368,CID:5440
369,CID:5452
370,CID:5468
371,CID:5472
372,CID:5482
373,CID:5487
374,CID:5503
375,CID:5504
376,CID:5505
377,CID:5509
378,CID:5510
379,CID:5533
380,CID:5546
381,CID:5560
382,CID:5566
383,CID:5568
384,CID:5572
385,CID:5574
386,CID:5576
387,CID:5578
388,CID:5583
389,CID:5584
390,CID:5587
391,CID:5593
392,CID:5596
393,CID:5656
394,CID:5665
395,CID:5717
396,CID:5732
397,CID:5734
398,CID:5735
399,CID:5743
400,CID:5745
401,CID:5749
402,CID:5754
403,CID:5755
404,CID:5756
405,CID:5757
406,CID:5770
407,CID:5775
408,CID:5790
409,CID:5816
410,CID:5819
411,CID:5833
412,CID:5850
413,CID:5865
414,CID:5870
415,CID:5875
416,CID:5878
417,CID:5906
418,CID:5910
419,CID:5920
420,CID:5936
421,CID:5965
422,CID:5978
423,CID:5983
424,CID:5991
425,CID:5994
426,CID:5995
427,CID:6000
428,CID:6005
429,CID:6013
430,CID:6018
431,CID:6024
432,CID:6041
433,CID:6047
434,CID:6058
435,CID:6077
436,CID:6082
437,CID:6098
438,CID:6126
439,CID:6215
440,CID:6230
441,CID:6253
442,CID:6256
443,CID:6291
444,CID:6307
445,CID:6476
446,CID:6726
447,CID:6729
448,CID:6741
449,CID:6834
450,CID:6883
451,CID:7028
452,CID:7099
453,CID:7638
454,CID:7699
455,CID:7741
456,CID:8223
457,CID:8226
458,CID:8271
459,CID:8280
460,CID:8550
461,CID:8612
462,CID:8969
463,CID:9034
464,CID:9046
465,CID:9051
466,CID:9270
467,CID:9294
468,CID:9346
469,CID:9429
470,CID:9433
471,CID:9434
472,CID:9444
473,CID:9565
474,CID:9642
475,CID:9782
476,CID:9878
477,CID:10180
478,CID:10518
479,CID:10531
480,CID:10547
481,CID:10607
482,CID:10631
483,CID:10635
484,CID:10770
485,CID:10917
486,CID:11289
487,CID:11291
488,CID:12620
489,CID:13109
490,CID:13769
491,CID:14677
492,CID:15130
493,CID:15209
494,CID:16231
495,CID:16362
496,CID:16666
497,CID:16960
498,CID:17134
499,CID:19003
500,CID:19861
501,CID:20279
502,CID:20299
503,CID:21233
504,CID:23576
505,CID:23897
506,CID:23925
507,CID:23994
508,CID:24083
509,CID:24244
510,CID:25210
511,CID:25419
512,CID:26035
513,CID:26879
514,CID:26987
515,CID:28417
516,CID:28864
517,CID:30323
518,CID:30668
519,CID:30751
520,CID:31072
521,CID:31101
522,CID:31304
523,CID:31307
524,CID:31378
525,CID:31401
526,CID:31477
527,CID:31703
528,CID:32778
529,CID:33572
530,CID:33741
531,CID:33746
532,CID:33887
533,CID:34040
534,CID:34312
535,CID:34633
536,CID:34698
537,CID:36314
538,CID:36462
539,CID:36523
540,CID:36811
541,CID:37393
542,CID:37464
543,CID:37542
544,CID:37632
545,CID:37720
546,CID:38521
547,CID:38853
548,CID:38945
549,CID:39042
550,CID:39147
551,CID:39186
552,CID:39468
553,CID:39507
554,CID:39765
555,CID:40326
556,CID:40839
557,CID:40973
558,CID:41693
559,CID:41744
560,CID:41781
561,CID:41867
562,CID:42113
563,CID:42890
564,CID:43008
565,CID:43815
566,CID:44093
567,CID:44185
568,CID:47319
569,CID:47472
570,CID:47499
571,CID:47641
572,CID:48175
573,CID:50192
574,CID:50294
575,CID:50599
576,CID:51081
577,CID:51634
578,CID:52195
579,CID:52421
580,CID:53232
581,CID:53708
582,CID:54385
583,CID:54575
584,CID:54687
585,CID:54746
586,CID:54766
587,CID:54841
588,CID:54892
589,CID:55245
590,CID:55283
591,CID:55891
592,CID:56339
593,CID:56959
594,CID:57363
595,CID:57469
596,CID:57697
597,CID:59768
598,CID:60164
599,CID:60169
600,CID:60198
601,CID:60464
602,CID:60490
603,CID:60648
604,CID:60654
605,CID:60700
606,CID:60726
607,CID:60750
608,CID:60753
609,CID:60787
610,CID:60789
611,CID:60795
612,CID:60815
613,CID:60823
614,CID:60835
615,CID:60838
616,CID:60843
617,CID:60846
618,CID:60852
619,CID:60854
620,CID:60855
621,CID:60919
622,CID:60921
623,CID:60937
624,CID:60947
625,CID:60953
626,CID:60961
627,CID:61635
628,CID:62867
629,CID:62886
630,CID:62959
631,CID:65028
632,CID:65513
633,CID:65833
634,CID:65856
635,CID:65863
636,CID:65866
637,CID:65981
638,CID:65999
639,CID:68617
640,CID:68723
641,CID:68740
642,CID:68844
643,CID:68873
644,CID:71158
645,CID:71301
646,CID:71329
647,CID:71364
648,CID:71371
649,CID:71384
650,CID:71398
651,CID:71616
652,CID:72081
653,CID:72281
654,CID:72287
655,CID:74989
656,CID:77991
657,CID:77992
658,CID:77993
659,CID:77999
660,CID:82146
661,CID:82153
662,CID:91270
663,CID:91610
664,CID:92253
665,CID:104758
666,CID:104850
667,CID:104865
668,CID:107807
669,CID:108143
670,CID:110634
671,CID:110635
672,CID:115100
673,CID:115237
674,CID:115355
675,CID:119031
676,CID:119182
677,CID:123606
678,CID:123619
679,CID:123631
680,CID:124087
681,CID:126941
682,CID:129211
683,CID:132706
684,CID:146570
685,CID:147912
686,CID:148124
687,CID:148192
688,CID:148211
689,CID:149096
690,CID:150311
691,CID:151166
692,CID:151171
693,CID:152946
694,CID:152951
695,CID:156419
696,CID:157922
697,CID:176870
698,CID:208902
699,CID:208908
700,CID:216239
701,CID:216326
702,CID:216457
703,CID:235905
704,CID:247839
705,CID:287180
706,CID:439213
707,CID:439260
708,CID:439501
709,CID:439693
710,CID:440473
711,CID:441074
712,CID:441140
713,CID:441184
714,CID:441207
715,CID:441233
716,CID:441278
717,CID:441281
718,CID:441289
719,CID:441290
720,CID:441314
721,CID:441341
722,CID:441350
723,CID:441383
724,CID:443884
725,CID:443940
726,CID:443958
727,CID:443980
728,CID:444007
729,CID:444020
730,CID:444031
731,CID:444033
732,CID:444036
733,CID:445154
734,CID:446220
735,CID:446541
736,CID:448537
737,CID:451668
738,CID:656652
739,CID:656719
740,CID:657298
741,CID:667490
742,CID:688561
743,CID:908828
744,CID:941361
745,CID:941651
746,CID:969472
747,CID:1349907
748,CID:1547484
749,CID:1548972
750,CID:1549008
751,CID:2733526
752,CID:3000715
753,CID:3001055
754,CID:3002977
755,CID:3005573
756,CID:3032285
757,CID:3033538
758,CID:3033621
759,CID:3033637
760,CID:3033825
761,CID:3034010
762,CID:3047758
763,CID:3052776
764,CID:3062316
765,CID:3083544
766,CID:3086654
767,CID:4369359
768,CID:5280360
769,CID:5280723
770,CID:5280954
771,CID:5280961
772,CID:5280962
773,CID:5281004
774,CID:5281040
775,CID:5281042
776,CID:5281071
777,CID:5281078
778,CID:5281081
779,CID:5281104
780,CID:5281106
781,CID:5282054
782,CID:5282226
783,CID:5282381
784,CID:5282411
785,CID:5282415
786,CID:5282443
787,CID:5284537
788,CID:5284592
789,CID:5284596
790,CID:5284604
791,CID:5284627
792,CID:5288826
793,CID:5310966
794,CID:5311027
795,CID:5311066
796,CID:5311067
797,CID:5311447
798,CID:5311507
799,CID:5312154
800,CID:5324346
801,CID:5329102
802,CID:5359268
803,CID:5359371
804,CID:5359476
805,CID:5360373
806,CID:5360515
807,CID:5361323
808,CID:5361463
809,CID:5362119
810,CID:5362124
811,CID:5362129
812,CID:5362391
813,CID:5381226
814,CID:5462340
815,CID:5484727
816,CID:5488548
817,CID:5493444
818,CID:5702063
819,CID:5702160
820,CID:6003770
821,CID:6178111
822,CID:6323490
823,CID:6420006
824,CID:6436135
825,CID:6436173
826,CID:6442177
827,CID:6443959
828,CID:6540478
829,CID:6915944
830,CID:6918523
831,CID:16682734
